"","Plot","Year","Treat","Trt.num","Spray_frequency","log_biomass","AUDPS_parasite","Anthracnose","Rhiz","Rust","grass_zscore","NMDS1","NMDS2"
"1","1","2017","C->R->P",2,"Never",2.98611455717452,148.953007786453,132.68056133967,44.4409788047685,45.5391478144866,NA,-0.189072129618745,0.0658163844566734
"2","1","2018","C->R->P",2,"Never",2.78877941921285,142.632837996829,130.345349688955,22.90796552364,47.506442058804,NA,0.164328326325506,-0.16519779980909
"3","1","2019","C->R->P",2,"Never",2.78103693862113,116.215687832402,99.6804289200939,21.9168109153854,5.98360655737706,NA,-0.157103109909421,-0.0458917775728677
"4","10","2017","Control",1,"Always",2.96151601144895,89.448567093527,85.7672729193693,3.68129417415769,5.17890772128059,NA,-0.190363559389568,0.08765030986166
"5","10","2018","Control",1,"Always",2.89818938586016,101.74486334561,100.84934095755,1.34328358208955,0,NA,0.350951173825966,0.0421373174936272
"6","10","2019","Control",1,"Always",3.17811325231463,24.3728151469231,21.287938275161,2.58487687176212,0,NA,4.10076200801806,0.0618612376681475
"7","11","2017","Control",1,"Always",2.82414028845486,75.8340766978259,69.5039812591547,5.34002099698376,4.33250620347396,NA,-0.195086727816701,0.0646247761510456
"8","11","2018","Control",1,"Always",3.08004589745564,67.4383160501818,66.5962719154548,0.73170731707317,0.819397993311036,NA,0.02825657511802,0.060594200334005
"9","11","2019","Control",1,"Always",3.29622628726116,20.9445209491119,19.1300152555301,1.81450569358178,0,NA,-0.0633495667322089,0.0938483841429201
"10","12","2017","C->R->P",2,"Never",2.87642315789912,143.77837819972,133.521192084637,22.4048546003496,38.3198704027403,NA,-0.155280236778723,0.0766240950704586
"11","12","2018","C->R->P",2,"Never",2.90822865586737,133.084406631576,128.254851246907,4.73774903315759,34.1116855373645,NA,0.0834891799509257,0.023587061306254
"12","12","2019","C->R->P",2,"Never",3.02530586526477,106.156073694715,103.411350164278,2.74472353043781,3,NA,0.0642156987834312,0.239721232302248
"13","13","2017","C->R->P",2,"Never",2.85019682340757,130.006942543465,106.948384451507,34.424985206334,44.9986349724327,NA,-0.117848760537407,0.0683210121879995
"14","13","2018","C->R->P",2,"Never",2.89695093493075,134.665667638072,125.926638811262,3.30828615542975,36.9637948273162,NA,0.155885994304185,0.0775048756671818
"15","13","2019","C->R->P",2,"Never",3.19423674872383,99.3006559890167,96.8506559890167,1.225,3.05,NA,0.424615860783755,0.181388113915012
"16","14","2017","CR->P",3,"Rhiz_epi",2.84316354716139,123.789020594644,119.20063189943,5.53556021200542,17.3231253202601,NA,-0.168978417558125,0.0869207161213201
"17","14","2018","CR->P",3,"Rhiz_epi",2.96804002258464,114.861674609487,110.23513199787,0.930735930735933,31.8905472636816,NA,0.272167349236695,0.269687078177055
"18","14","2019","CR->P",3,"Rhiz_epi",2.97863694838447,30.0981277338579,26.1467107298094,2.50202429149798,1.44939271255061,NA,0.18578374170651,0.240461732518549
"19","15","2017","CR->P",3,"Rhiz_epi",2.82437175596298,116.916111141636,113.217954459608,8.04019866707695,8.70032862431066,NA,-0.168841966589698,0.0637167620319136
"20","15","2018","CR->P",3,"Rhiz_epi",2.8430289795051,101.45368054185,99.176162977447,0.833333333333334,14.6857923497268,NA,-0.0369721866500805,0.083767039978028
"21","15","2019","CR->P",3,"Rhiz_epi",3.03059972196595,29.5300772777573,27.2000524638616,2.33002481389578,0,NA,-0.0499405928412868,0.120186941241112
"22","16","2017","C->R->P",2,"Never",2.8326224530968,139.884983988758,132.946229870758,14.557410095146,43.67280622941,NA,-0.127236786753653,0.0385482311422519
"23","16","2018","C->R->P",2,"Never",2.85825710161304,140.483846754339,134.483846754339,7.93607758361858,36.6208791208791,NA,-0.0571677562767109,0.0694075455741456
"24","16","2019","C->R->P",2,"Never",3.1102529173534,98.6103920620014,90.422182380451,12.3429095876377,0.902714932126698,NA,-0.0703339243488407,0.148641368615925
"25","17","2017","CR->P",3,"Rhiz_epi",2.73786376904898,123.673739290438,118.690165411228,15.8445747800587,34.5959020949533,NA,-0.194733924366724,0.108743818558289
"26","17","2018","CR->P",3,"Rhiz_epi",2.78047321243888,116.62399056357,110.624276934779,4.79677763551003,30.8636363636364,NA,0.0400896299335924,0.0808257009041457
"27","17","2019","CR->P",3,"Rhiz_epi",3.13097669160562,27.4559652537325,24.8120984561778,1.54022060801722,0,NA,-0.0154199590166306,0.142535883766389
"28","18","2017","CR->P",3,"Rhiz_epi",2.79170622440721,120.442316099768,112.499653923235,13.8673296143585,22.4869956089158,NA,-0.156839828213209,0.0596347733595777
"29","18","2018","CR->P",3,"Rhiz_epi",2.88864051145445,122.167600908724,116.539809345449,1.93006993006993,32.0324539636933,NA,0.209217900659831,0.124018288237871
"30","18","2019","CR->P",3,"Rhiz_epi",3.09307130637606,35.8899749806038,34.7507344742747,0.379746835443039,1.89873417721519,NA,0.0498114700920988,0.134801546198828
"31","19","2017","Control",1,"Always",2.94254817788097,65.7164952092998,57.3613313453416,6.82504426604202,5.00198106977768,NA,-0.177571858029338,0.0731102677709493
"32","19","2018","Control",1,"Always",2.91110165308558,69.0072618959571,67.9964913905719,0,0.993640699523052,NA,-0.0772989639911014,0.0900526914147485
"33","19","2019","Control",1,"Always",3.15289959639375,9.22833620594814,8.78057501191829,0.447761194029852,0,NA,-0.0671390617951551,0.15006909409975
"34","2","2017","CR->P",3,"Rhiz_epi",3.01405361027877,123.490149670639,115.725917662046,20.9870316547672,17.9274657231314,NA,-0.196517035451587,0.0772160369252582
"35","2","2018","CR->P",3,"Rhiz_epi",2.87931899331981,116.556005587779,111.301302544343,8.80470753985756,35.1777799665124,NA,-0.134434143807397,0.0293394774631487
"36","2","2019","CR->P",3,"Rhiz_epi",3.07261747654524,58.7958569678987,52.3496171852011,7.42191402912807,3.44262295081968,NA,-0.151366706826113,0.041415735507072
"37","20","2017","C->R->P",2,"Never",2.91112206441192,138.754108752954,106.549592318207,54.2307988315755,46.6655201858539,NA,-0.182520482643555,0.0749345856037335
"38","20","2018","C->R->P",2,"Never",2.7361840843199,134.412448078198,124.093353715582,15.8489374974876,48.2021743139126,NA,0.221312639006963,0.411990720704005
"39","20","2019","C->R->P",2,"Never",2.89320675305985,91.807251314531,86.7138727067211,9.70683899340563,7.38539898132427,NA,-0.0293809003721583,0.213769954596061
"40","21","2017","Control",1,"Always",2.91263531669965,76.8775936706971,66.5379907448872,11.1774145394835,4.68375876996567,NA,-0.188244573231544,0.0745229211370858
"41","21","2018","Control",1,"Always",3.0732790693647,78.0777316891232,75.9348745462661,0.476190476190477,1.25,NA,-0.128571825818048,0.0296667347091908
"42","21","2019","Control",1,"Always",3.14705767102836,10.5930735930736,9.54761904761906,0.500000000000001,0,NA,-0.202860239008362,0.0776808565042849
"43","22","2017","Control",1,"Always",2.95625383973006,73.9617926660018,68.5889214093225,6.17096536031247,2.02803516274649,NA,-0.190253032139357,0.063778287012441
"44","22","2018","Control",1,"Always",2.98143327730349,98.8665046214347,97.631722012739,0,0,NA,-0.116323882745616,0.0484889464052659
"45","22","2019","Control",1,"Always",3.13735411137073,12.9432560047479,12.9432560047479,0,0,NA,-0.122125536620757,0.0818598436661735
"46","23","2017","C->R->P",2,"Never",2.98355610884686,141.149746533977,123.59646523402,25.6580138747107,39.8537012008029,NA,-0.177887775231133,0.0588311451288854
"47","23","2018","C->R->P",2,"Never",2.74425268185494,139.459156508337,126.615894343707,11.5374879815242,30.1895078101974,NA,-0.0216131945152875,0.00263934047914278
"48","23","2019","C->R->P",2,"Never",2.96894968098134,111.801801527273,103.639116441933,13.5088148496137,1.86595949855352,NA,-0.0575723843912156,0.0808219492524864
"49","24","2017","CRP",4,"Pucc_epi",2.94060502815236,104.744031884668,91.6056184463215,16.8060349662677,5.64679030130625,NA,-0.125892871779862,0.0855755047247119
"50","24","2018","CRP",4,"Pucc_epi",2.94324935228334,111.632068280316,108.558008719187,1.32513661202186,13.4471003134796,NA,0.372202292387369,0.605405456626189
"51","24","2019","CRP",4,"Pucc_epi",3.12385164096709,23.5786177192566,19.4388538813996,2.51716768401091,0.46875,NA,-0.0138940660348673,0.310913488239024
"52","25","2017","CR->P",3,"Rhiz_epi",2.92510572680966,134.420079884881,131.293395248762,5.88349805330938,25.5754256225954,NA,-0.173418019039407,0.0582611151806171
"53","25","2018","CR->P",3,"Rhiz_epi",2.84923017497749,125.766530269582,123.420591894232,0.428571428571429,30.9689681387795,NA,0.026329774199012,0.0334645227796676
"54","25","2019","CR->P",3,"Rhiz_epi",3.13097669160562,45.2050124675074,42.8316227992023,1.35529012079379,2.1594427244582,NA,-0.0907259421254924,0.148510208593579
"55","26","2017","CR->P",3,"Rhiz_epi",2.84603454725406,129.732502925286,124.628878028923,8.85039768960502,21.7268540759024,NA,-0.166161636593884,0.0652468298750125
"56","26","2018","CR->P",3,"Rhiz_epi",2.65638811423453,126.30301095309,122.154410806043,6.3945372280933,32.4638064971751,NA,-0.107710592535925,0.0862420097173541
"57","26","2019","CR->P",3,"Rhiz_epi",3.21058602490516,50.0082114985747,49.1311308327617,0.422535211267605,2.27272727272727,NA,-0.136805286873931,0.0959362384543754
"58","27","2017","CRP",4,"Pucc_epi",2.84183205604573,109.916269650605,103.005904764301,9.11623602621968,6.37890005288208,NA,-0.17611889192835,0.0664868058899476
"59","27","2018","CRP",4,"Pucc_epi",2.92874857324975,115.561690855496,113.581721672137,0,4.59938366718027,NA,-0.0288472072014613,0.030517892914974
"60","27","2019","CRP",4,"Pucc_epi",3.14891099310936,25.580520942427,23.7581766200827,0.96153846153846,0.860805860805861,NA,0.0145319816606801,0.258379315492244
"61","28","2017","CR->P",3,"Rhiz_epi",2.84404894542128,117.71089890301,110.575531196945,16.9229515361688,15.6189885933738,NA,-0.146525858548876,0.0934581157027304
"62","28","2018","CR->P",3,"Rhiz_epi",2.92941049521017,121.101762095279,119.227606689874,0.863486842105263,18.3863154853621,NA,-0.0498155575277015,0.176402491331001
"63","28","2019","CR->P",3,"Rhiz_epi",2.98362628712453,27.6684387527173,27.6684387527173,0,0,NA,-0.0269074161757171,0.281431411498516
"64","29","2017","C->R->P",2,"Never",2.84227634014766,142.198862954325,117.883205341497,23.6943140441154,59.6091535078625,NA,-0.176093014614495,0.0642300668791844
"65","29","2018","C->R->P",2,"Never",2.72702247776634,136.460928969692,126.702694186964,12.0348706121012,54.9103735324908,NA,0.524741204877286,-0.441971448574067
"66","29","2019","C->R->P",2,"Never",3.19117145572856,105.556424297852,95.9937340765652,8.83218151689705,11.1525258235264,NA,-0.18511433952017,0.0165584345846588
"67","3","2017","CRP",4,"Pucc_epi",3.06942139642056,106.093790062389,94.9996930431023,20.6943892460549,10.0430888369374,NA,-0.182146908957328,0.059066065547909
"68","3","2018","CRP",4,"Pucc_epi",2.97810652987202,118.776687585712,116.394705110356,1.47255689424364,5.06024096385543,NA,-0.0889746910248076,-0.0231805289226861
"69","3","2019","CRP",4,"Pucc_epi",3.36530074863799,28.6037183801269,28.1119151014384,0.491803278688524,0,NA,-0.0750859416972146,-0.0563661270356102
"70","30","2017","C->R->P",2,"Never",2.91150085878113,145.10900795875,116.458226536782,40.5951226682479,49.0221056677867,NA,-0.191973029552407,0.182757483251001
"71","30","2018","C->R->P",2,"Never",2.4809657895445,133.825409853358,124.313125973652,15.2446799407962,50.4660450145552,NA,0.211523155129419,-0.042070603517218
"72","30","2019","C->R->P",2,"Never",2.92582757462474,108.696976916766,101.318612011482,2.5,14.1011964107677,NA,-0.0210585308234511,0.057644967376044
"73","31","2017","Control",1,"Always",2.93454334285292,65.416107981457,60.944909824775,6.07488479262673,1.96774193548387,NA,-0.132565883440563,0.114178650263437
"74","31","2018","Control",1,"Always",2.85644792756649,74.8621920741164,74.3860015979259,0,0.476190476190477,NA,0.13646612697248,0.0927544356746562
"75","31","2019","Control",1,"Always",3.12057393120585,4.82723796450633,4.82723796450633,0,0,NA,-0.10168131563543,0.101656789062204
"76","32","2017","CRP",4,"Pucc_epi",2.92711931345606,82.9714170973982,78.2027009962066,7.13211132665584,0.461538461538462,NA,-0.159401534153122,0.0894073805063147
"77","32","2018","CRP",4,"Pucc_epi",2.67727608774869,89.6920082721709,86.4406394478747,0.379746835443039,6.7248677987887,NA,-0.0939925129040706,0.0950641060873747
"78","32","2019","CRP",4,"Pucc_epi",3.16761267272753,5.85257985257984,5.85257985257984,0,0,NA,-0.00592021304188935,0.31160629747372
"79","33","2017","CRP",4,"Pucc_epi",2.97382544452298,108.760261195126,105.399562042584,6.03663615413727,3.05348970251716,NA,-0.151496235373825,0.0999611852947807
"80","33","2018","CRP",4,"Pucc_epi",2.9860038768947,122.565690937879,121.281600028788,1.17838266384778,11.7121212121212,NA,1.16957183618807,-0.0110541213736729
"81","33","2019","CRP",4,"Pucc_epi",3.10585067438514,29.6214124679313,28.4893369962332,0.483870967741935,0,NA,1.2915512533402,-0.0201941745791016
"82","34","2017","CR->P",3,"Rhiz_epi",2.92693667344713,128.365920243279,104.448234155781,4.84126984126984,34.0140415140415,NA,-0.191300133139288,0.0733074894378624
"83","34","2018","CR->P",3,"Rhiz_epi",2.97662619782402,115.027565313171,111.083987882199,1.28775834658188,27.9782257730679,NA,-0.0291661047639415,-0.0329869394815753
"84","34","2019","CR->P",3,"Rhiz_epi",2.96473092105363,29.0268893097884,26.913850640096,1.80255990167035,1.64735246924586,NA,-0.190688882915443,0.0694763750136214
"85","35","2017","CR->P",3,"Rhiz_epi",2.85388739887338,120.105326940851,114.653948130982,12.600145137881,6.28084179970972,NA,-0.175834653906118,0.0545482758256566
"86","35","2018","CR->P",3,"Rhiz_epi",2.89494876305733,111.371411937585,102.657147275044,1.85644325724462,31.5646920129679,NA,-0.0624872087888292,0.00456540436482798
"87","35","2019","CR->P",3,"Rhiz_epi",3.08600370561838,41.2251786865012,36.9597238660091,0.46875,1.68496621621622,NA,-0.16390344072915,0.0571696177651782
"88","36","2017","Control",1,"Always",2.90018501456559,67.422943200604,63.6377792120502,8.42523136406704,0,NA,-0.190290914240095,0.0723161838370227
"89","36","2018","Control",1,"Always",2.94583280641705,60.0650010345571,54.6850022961221,1.27234927234927,0.476190476190477,NA,-0.060862730523649,-0.0110625036600757
"90","36","2019","Control",1,"Always",3.13576851456782,9.2902668690008,6.17031548392024,1.57983666572797,0,NA,-0.138080610280575,0.0734011186593668
"91","37","2017","CR->P",3,"Rhiz_epi",2.91017365722446,129.405978138992,121.147627922252,13.8011355962985,23.1928714685837,NA,-0.205899346766077,0.0805656072119793
"92","37","2018","CR->P",3,"Rhiz_epi",3.07388232510866,119.139055588345,113.14703166013,5.05837380227225,33.8375047824221,NA,-0.169797202344116,0.0490962871343437
"93","37","2019","CR->P",3,"Rhiz_epi",3.17405980772503,65.3145380654734,64.8227347867848,0,0.491803278688524,NA,-0.134257403692407,0.0517701320793286
"94","38","2017","C->R->P",2,"Never",2.70411240711441,141.932165929603,130.265289811598,28.6433829084618,33.7718399756754,NA,-0.154908370547712,0.0518803805223801
"95","38","2018","C->R->P",2,"Never",2.84525404779339,135.402477239741,125.768270055416,12.5920429806043,42.3007075471698,NA,-0.00285548517671089,-0.050175308273686
"96","38","2019","C->R->P",2,"Never",2.72997428569956,110.05024494457,108.537048463632,5.03396276834688,0.483870967741935,NA,-0.152812228684441,0.0285910988305253
"97","39","2017","CR->P",3,"Rhiz_epi",2.85323837050276,118.29536943749,112.873323757251,11.7341922053646,10.9618127651891,NA,-0.17817607455394,0.0539947011496524
"98","39","2018","CR->P",3,"Rhiz_epi",2.95101653722711,117.948451629956,115.69816914408,1.91748678695098,29.6331846565566,NA,-0.0152210221641923,-0.0313772629819196
"99","39","2019","CR->P",3,"Rhiz_epi",3.1044871113124,28.7611435747029,27.5203843339437,0,1.63036963036963,NA,-0.127278210101972,0.0282648017895271
"100","4","2017","Control",1,"Always",2.79937115579571,81.4673668090368,76.4728980152079,8.12571879382889,1.58967391304348,NA,-0.163493866625026,0.0941396340974447
"101","4","2018","Control",1,"Always",3.09350363300189,102.301269726186,102.301269726186,1.18777146675576,0.348837209302326,NA,0.144827216689418,0.133110973349682
"102","4","2019","Control",1,"Always",3.16076856186113,35.228594433569,34.1275843325589,1.4978354978355,0,NA,-0.030987816647816,0.101304348006781
"103","40","2017","Control",1,"Always",2.87312678300265,73.2528989444022,70.1337730045525,3.96711856291673,7.41277486168251,NA,-0.204265232540382,0.0786490375028885
"104","40","2018","Control",1,"Always",3.07156316230773,99.8170802564369,99.3822976477413,0.365853658536585,0.361445783132529,NA,-0.123667509704496,0.0306847767006933
"105","40","2019","Control",1,"Always",3.07554696139253,16.6114365706757,16.1352460944852,0.476190476190477,0,NA,-0.158450807881982,0.0138675953332205
"106","41","2017","CRP",4,"Pucc_epi",2.83239534262432,118.406000162452,115.398437456796,4.7061631471609,8.47355769230769,NA,-0.184436408977234,0.0742160621804033
"107","41","2018","CRP",4,"Pucc_epi",2.91431062348843,109.346781057036,108.312298298415,0,7.58620689655173,NA,-0.155528384564422,0.0341688730207429
"108","41","2019","CRP",4,"Pucc_epi",3.00302947055362,20.2289984558535,18.6339758314192,0,0,NA,-0.127318698366026,0.0324803089713881
"109","42","2017","CRP",4,"Pucc_epi",2.81901719868906,101.560827329948,96.7186522636345,4.1560760500253,4.52304689454982,NA,-0.167032833259456,0.0614540930971229
"110","42","2018","CRP",4,"Pucc_epi",3.16099494782837,95.3466509941496,93.5118683854539,1.43478260869565,4.9084745762712,NA,-0.091831959359105,-0.0480404719803667
"111","42","2019","CRP",4,"Pucc_epi",3.17143390094301,10.322966507177,10.322966507177,0,0,NA,-0.163919322675729,0.0410966155758886
"112","43","2017","Control",1,"Always",2.96604782107645,78.7136632092803,73.7546831649344,10.3889529116583,1.25802310654685,NA,-0.210012747721113,0.0791143411810595
"113","43","2018","Control",1,"Always",3.09453052125119,88.7946558683372,88.7946558683372,0,0,NA,-0.165393105853627,0.032461705813183
"114","43","2019","Control",1,"Always",3.19033169817029,27.7760688980322,27.2842656193437,0.491803278688524,0.491803278688524,NA,-0.185334484865084,0.0677856334648825
"115","44","2017","C->R->P",2,"Never",2.82390876265904,139.076966610074,135.109386369149,15.7122645322985,18.5172608941709,NA,-0.171142761179787,0.0678323965740912
"116","44","2018","C->R->P",2,"Never",2.8752717004588,134.241536706566,130.167643875639,7.63395570164544,31.1098398563635,NA,0.0867655905164144,-0.0903701403468982
"117","44","2019","C->R->P",2,"Never",3.25767857486918,88.9222158997132,87.2511283665567,2.10052049446975,1.15384615384615,NA,-0.132627692346495,-0.0523954692425747
"118","45","2017","CRP",4,"Pucc_epi",2.89352752376623,113.287282973267,109.950335095005,4.74830387550201,3.81218905472637,NA,-0.208486746870145,0.0633297474318803
"119","45","2018","CRP",4,"Pucc_epi",3.00659545555759,100.782765095246,99.0059885458656,4.60702284334777,0.697674418604652,NA,-0.132066240835818,0.0267911753147274
"120","45","2019","CRP",4,"Pucc_epi",3.21031851982623,21.1623074344401,21.1623074344401,0,0,NA,-0.191193951247235,0.0525069376585066
"121","46","2017","C->R->P",2,"Never",2.85172029015568,142.243697189622,137.071071669955,20.8367120184782,24.4078959668242,NA,-0.189693010761056,0.0505576332070744
"122","46","2018","C->R->P",2,"Never",2.8709666016309,134.122733567929,127.707830810763,20.7817729017838,26.617796728513,NA,0.012718852657916,-0.0179429813670201
"123","46","2019","C->R->P",2,"Never",3.08955188288645,118.609533676963,106.332579074189,13.3029634300126,10.0554854981084,NA,-0.0362566539473908,0.0474519979450378
"124","47","2017","CR->P",3,"Rhiz_epi",2.91301279406997,124.719918901026,115.205219712016,16.7748158722278,21.3050728235684,NA,-0.191791606900582,0.0820820969919524
"125","47","2018","CR->P",3,"Rhiz_epi",2.85233723856379,115.27825753827,102.843831308762,21.2136524893451,21.3360655737705,NA,-0.00336663441152182,-0.0963346928940449
"126","47","2019","CR->P",3,"Rhiz_epi",2.90848501887865,32.8986941766673,27.4711046626008,2.30978260869565,5.4275895140665,NA,-0.185266102810551,0.0569588311417482
"127","48","2017","CRP",4,"Pucc_epi",2.871053748498,84.2295232566392,80.2853634205736,8.35587653466752,2.98360655737705,NA,-0.21495630961065,0.0459812478700828
"128","48","2018","CRP",4,"Pucc_epi",3.05491779629813,72.5117882749476,69.6595747109223,1.99308336366946,10.4532328578003,NA,-0.206560635018857,-0.120832975304192
"129","48","2019","CRP",4,"Pucc_epi",3.02694162795903,11.9075386302062,8.25236344537816,2.40517518482803,0.833333333333334,NA,-0.147639680424634,-0.0658547140612244
"130","49","2017","CRP",4,"Pucc_epi",2.916020912218,108.240068147387,104.588850084404,15.1175833969952,5.47567954920896,NA,-0.200468288106915,0.0690368680055442
"131","49","2018","CRP",4,"Pucc_epi",2.98986411314052,112.941678791097,109.455779425789,1.28571428571429,4.72445563185806,NA,-0.173259106210882,0.0138420578651023
"132","49","2019","CRP",4,"Pucc_epi",3.21165440055318,31.0643656964222,28.957898574834,0.46875,0,NA,-0.151375511834559,-0.00154194266287476
"133","5","2017","CRP",4,"Pucc_epi",2.91131152952927,99.0940916144253,91.4883607127565,7.28363005357792,8.43149548220541,NA,-0.210045646567411,0.077224103545344
"134","5","2018","CRP",4,"Pucc_epi",3.12890080886619,95.3799816287366,91.9954879578505,3.47481725797825,4.125,NA,0.0529588193825318,-0.0413501283023293
"135","5","2019","CRP",4,"Pucc_epi",3.33825723024626,19.4159990374382,18.4213898730178,0.994609164420486,0,NA,-0.0713728982879434,0.0837814779518381
"136","50","2017","Control",1,"Always",3.00620924053766,105.775264156751,99.676193387869,14.9742701472832,14.1351760108566,NA,-0.196456343987009,0.0773843608880784
"137","50","2018","Control",1,"Always",3.04203141773906,102.71274398912,102.71274398912,0.375,0.857142857142858,NA,-0.132495441886197,-0.0675909975581168
"138","50","2019","Control",1,"Always",3.15259407792747,26.238087901636,24.8941964989211,1.34389140271493,0.441176470588236,NA,-0.211394157905724,0.0808426154631127
"139","51","2017","CR->P",3,"Rhiz_epi",3.04506204984931,126.395652340943,122.194890828311,12.3342677569472,14.5196774064599,NA,-0.26671457821295,-0.24774707576161
"140","51","2018","CR->P",3,"Rhiz_epi",2.89773482693702,132.575135072954,128.332710830529,1.86147186147186,18.6081703823639,NA,-0.956464227063092,-1.18476773627449
"141","51","2019","CR->P",3,"Rhiz_epi",2.92324401863028,56.5559032433443,54.2856227991509,1.36363636363636,2.14906832298136,NA,-0.330233387447654,-0.256844830058963
"142","52","2017","Control",1,"Always",2.96471000658584,87.1544692981648,82.9883483769865,6.34568303060601,6.75420356966235,NA,-0.19988852638422,0.0309186239225628
"143","52","2018","Control",1,"Always",2.9655741969548,105.413523127848,102.779288672998,1.25,3.93405215274789,NA,0.0435055424375267,0.00217054562163615
"144","52","2019","Control",1,"Always",3.11693964655076,14.1546561524455,13.1846431146359,0.856275303643725,0,NA,-0.116308949089081,0.108849812127032
"145","53","2017","Control",1,"Always",2.82367704819024,96.2172279210596,88.9439409443828,8.33731710850354,7.81020830429209,NA,-0.201411988085269,0.060122627463128
"146","53","2018","Control",1,"Always",2.94605365133955,95.3824940713668,93.2879796305837,1.28513277767009,6.12727272727273,NA,-0.0315830005676705,-0.591135831934948
"147","53","2019","Control",1,"Always",3.11958577496178,16.0331396544632,14.6544631838749,1.39903846153846,0.441176470588236,NA,-0.147270167127603,-0.00688659715091559
"148","54","2017","C->R->P",2,"Never",2.8751899113141,141.118879300917,129.547745970373,27.8570937534328,43.9818821831804,NA,-0.193081612708043,0.0728427276430429
"149","54","2018","C->R->P",2,"Never",2.79635504933495,138.134416719726,131.100803274348,7.98650369238605,42.0215058757475,NA,0.0629494705025223,-0.237677226275856
"150","54","2019","C->R->P",2,"Never",3.13940677044179,119.091708706718,115.242267139362,1.67772439563792,20.7184750733138,NA,-0.0173780316247555,-0.318707461246971
"151","55","2017","C->R->P",2,"Never",2.91733044361843,142.7648486981,134.552029087497,24.9209320509813,28.6959496442255,NA,-0.157004084690157,0.043037947251598
"152","55","2018","C->R->P",2,"Never",2.82700235899876,140.210690110415,135.210126158238,10.3254062719133,29.9233025039477,NA,0.0742427443305912,-0.159151597265452
"153","55","2019","C->R->P",2,"Never",2.8767949762007,117.242406293664,85.6499794476831,39.7914036482927,11.4076246334311,NA,-0.0437964727797368,-0.0991563634995696
"154","56","2017","Control",1,"Always",2.93021300929789,83.2475169933083,79.0386221146021,6.25686896791583,4.86038961038961,NA,-0.182211543600187,0.0498347523642841
"155","56","2018","Control",1,"Always",2.92779341436968,96.500617358172,95.4312153503152,1.23980726464047,2.62330859886512,NA,-0.267741749253805,-0.587180422099909
"156","56","2019","Control",1,"Always",3.13289976994448,17.4238018573718,15.4992092086413,1.92459264873058,0,NA,-0.188813478424963,0.0334666306913841
"157","57","2017","Control",1,"Always",3.09997205227021,100.016161616162,92.9590187590188,10.3004329004329,4.25079365079365,NA,-0.174820827469298,-0.00268056025188943
"158","57","2018","Control",1,"Always",3.11567856245096,102.029290539736,100.430348740794,0.428571428571429,3.33333333333333,NA,0.0986988636641794,-1.04224722932086
"159","57","2019","Control",1,"Always",3.10687054447865,16.0653930106472,15.4884699337241,0.576923076923076,0,NA,-0.0368163614667687,-0.327795078185602
"160","58","2017","CRP",4,"Pucc_epi",2.96987130992849,100.673698957329,91.6985577143907,9.37615176151761,13.9195856873823,NA,-0.144048296357434,-0.0537679926614237
"161","58","2018","CRP",4,"Pucc_epi",3.01972885762288,92.7231728537699,89.9769601112884,0.447761194029852,9.71103896103897,NA,0.10247313006874,-0.508488083211558
"162","58","2019","CRP",4,"Pucc_epi",3.00216606175651,20.4095296671738,13.6666255297608,2.22968580715059,0,NA,0.248424095486558,-1.31650565634005
"163","59","2017","Control",1,"Always",2.85733249643127,84.2403582742451,79.2141823208485,7.20193439874037,7.95755968169762,NA,-0.195598957765128,0.0238560893964337
"164","59","2018","Control",1,"Always",3.06339641528395,82.6965915528235,81.7806653737395,0.526315789473684,1.16883116883117,NA,-0.0796779020789331,-0.0662270314963902
"165","59","2019","Control",1,"Always",3.16790781000148,8.03166510374464,7.0939361660157,0.476190476190477,0,NA,-0.117902168090932,-0.0687050776500126
"166","6","2017","CR->P",3,"Rhiz_epi",2.85904482081581,118.488486025243,112.982244932314,10.0725219912526,16.6080765639589,NA,-0.163939137206195,0.0507570012380642
"167","6","2018","CR->P",3,"Rhiz_epi",2.90212995015791,122.596202162257,118.416163023314,0.410958904109589,31.3870406610133,NA,-0.0312830225737042,0.0671653475134498
"168","6","2019","CR->P",3,"Rhiz_epi",3.08742645703629,37.8350981266362,37.8350981266362,0.483870967741935,0.931632161771787,NA,-0.0469837603870358,0.128911465486101
"169","60","2017","CRP",4,"Pucc_epi",2.89765149905392,83.0392078681552,79.6503467292941,6.17586068901858,2.53021978021978,NA,-0.211416476641804,0.0672076336505526
"170","60","2018","CRP",4,"Pucc_epi",3.07660221824917,79.5122787634942,77.2271729528772,0.834603658536585,7.6829268292683,NA,-0.13197729602682,-0.00470265589167261
"171","60","2019","CRP",4,"Pucc_epi",2.97081161087252,5.71920317125797,3.05775503035777,1.42857142857143,0,NA,-0.118153212735362,0.0166942458127958
"172","61","2017","CR->P",3,"Rhiz_epi",2.91993766748032,110.159151958357,104.316240080963,20.1952587875632,21.033798576902,NA,-0.168440383257699,-0.0173114989203565
"173","61","2018","CR->P",3,"Rhiz_epi",3.04952463488833,102.657838815254,83.8859932939336,17.8557419240256,34.7597197165791,NA,0.0500837109012521,-0.562343329649198
"174","61","2019","CR->P",3,"Rhiz_epi",3.13987908640124,57.5615862939255,50.1504110908407,1.91244239631336,6.32612386506237,NA,0.243000255660701,-1.22893700811943
"175","62","2017","C->R->P",2,"Never",2.82782859377315,129.551723219824,116.572489305926,27.471410904936,29.2889509361379,NA,-0.173656003006913,0.0406954516286497
"176","62","2018","C->R->P",2,"Never",2.86915277660003,133.656181361859,124.129993113302,8.85168435164401,47.8641143802434,NA,0.0997166614792661,-0.379729998833241
"177","62","2019","C->R->P",2,"Never",2.76267856372744,105.289584491369,98.3536870554711,10.4798534798535,4.61455893832943,NA,0.206199428779289,-1.2159288944483
"178","63","2017","C->R->P",2,"Never",2.93490225832231,135.182748138015,113.53830369357,37.0962418300654,45.7123680241327,NA,-0.16054348948878,0.0473642510946797
"179","63","2018","C->R->P",2,"Never",2.94304514980478,128.774398739023,114.440381878691,10.1640688905572,51.2493790362643,NA,-0.0836052824646547,-0.00428313534156665
"180","63","2019","C->R->P",2,"Never",2.72672720902657,106.807292575922,100.403911474265,5.28425884460367,10.7854903716973,NA,-0.14370456101448,0.016435328128732
"181","64","2017","CRP",4,"Pucc_epi",2.9397188823541,86.2287022352431,73.6298065080646,12.014638256979,13.1509962869381,NA,0.000617334410433498,-0.0270149722564905
"182","64","2018","CRP",4,"Pucc_epi",2.89228693028197,65.5060772275962,61.0169271371802,0.759493670886075,10.3413200723327,NA,0.189203651936442,-0.112770317490741
"183","64","2019","CRP",4,"Pucc_epi",2.99607365448528,16.3183508769411,15.8265475982526,0.975674246430459,0,NA,0.494478729230634,-0.208208696975053
"184","7","2017","C->R->P",2,"Never",2.82414028845486,144.275068311324,123.75424758339,27.5751652132753,44.8611924698515,NA,-0.184868607285226,0.0767144602495214
"185","7","2018","C->R->P",2,"Never",2.84628576088605,142.133350813532,137.929810445642,4.83866748880379,52.4884835424203,NA,0.0719513449379687,0.110891201894706
"186","7","2019","C->R->P",2,"Never",3.03261876085072,104.691402229855,98.8539042102485,6.93166247583957,1.38732566674822,NA,0.0107096613494707,0.138752989885531
"187","8","2017","CRP",4,"Pucc_epi",2.85539799665407,102.441344574473,94.1617188539751,13.9168238860931,6.88180391440737,NA,-0.161304952583924,0.0888213228256185
"188","8","2018","CRP",4,"Pucc_epi",2.95281786087362,119.197279338867,118.058038832538,0,10.3834586466166,NA,0.00660145261644264,0.0695772234984908
"189","8","2019","CRP",4,"Pucc_epi",3.18497519069826,36.4260865453702,34.9429030621867,0,0.476190476190477,NA,-0.0426492464180924,0.141839400320985
"190","9","2017","CRP",4,"Pucc_epi",2.96588079597186,104.202104823027,91.8182261704212,17.4647388038469,7.34558739861602,NA,0.24926297283677,0.0434069835655878
"191","9","2018","CRP",4,"Pucc_epi",3.13120020579433,95.6390601574989,90.7393583412886,6.05101160698883,2.41935483870968,NA,4.0465610722165,-0.00644149848221805
"192","9","2019","CRP",4,"Pucc_epi",3.21165440055318,33.2741205154998,27.904214559387,7.57993730407524,0,NA,4.15552311741798,0.0508255991670672
